CREATE DATABASE  IF NOT EXISTS `bus_reservation` /*!40100 DEFAULT CHARACTER SET utf8 */;
USE `bus_reservation`;
-- MySQL dump 10.13  Distrib 5.5.16, for Win32 (x86)
--
-- Host: localhost    Database: bus_reservation
-- ------------------------------------------------------
-- Server version	5.5.28

/*!40101 SET @OLD_CHARACTER_SET_CLIENT=@@CHARACTER_SET_CLIENT */;
/*!40101 SET @OLD_CHARACTER_SET_RESULTS=@@CHARACTER_SET_RESULTS */;
/*!40101 SET @OLD_COLLATION_CONNECTION=@@COLLATION_CONNECTION */;
/*!40101 SET NAMES utf8 */;
/*!40103 SET @OLD_TIME_ZONE=@@TIME_ZONE */;
/*!40103 SET TIME_ZONE='+00:00' */;
/*!40014 SET @OLD_UNIQUE_CHECKS=@@UNIQUE_CHECKS, UNIQUE_CHECKS=0 */;
/*!40014 SET @OLD_FOREIGN_KEY_CHECKS=@@FOREIGN_KEY_CHECKS, FOREIGN_KEY_CHECKS=0 */;
/*!40101 SET @OLD_SQL_MODE=@@SQL_MODE, SQL_MODE='NO_AUTO_VALUE_ON_ZERO' */;
/*!40111 SET @OLD_SQL_NOTES=@@SQL_NOTES, SQL_NOTES=0 */;

--
-- Table structure for table `bus`
--

DROP TABLE IF EXISTS `bus`;
/*!40101 SET @saved_cs_client     = @@character_set_client */;
/*!40101 SET character_set_client = utf8 */;
CREATE TABLE `bus` (
  `id` int(11) NOT NULL AUTO_INCREMENT,
  `bus_type_id` int(11) NOT NULL,
  `plate_number` varchar(45) NOT NULL,
  `assigned_route_forward_id` int(11) DEFAULT NULL,
  `assigned_route_return_id` int(11) DEFAULT NULL,
  `status` varchar(10) NOT NULL DEFAULT 'active',
  PRIMARY KEY (`id`),
  KEY `bus_bus_type_id_idx` (`bus_type_id`),
  KEY `bus_assigned_route_forward_id_idx` (`assigned_route_forward_id`),
  KEY `bus_assigned_route_return_id_idx` (`assigned_route_return_id`),
  CONSTRAINT `bus_assigned_route_forward_id` FOREIGN KEY (`assigned_route_forward_id`) REFERENCES `route` (`id`),
  CONSTRAINT `bus_assigned_route_return_id` FOREIGN KEY (`assigned_route_return_id`) REFERENCES `route` (`id`),
  CONSTRAINT `bus_bus_type_id` FOREIGN KEY (`bus_type_id`) REFERENCES `bus_type` (`id`)
) ENGINE=InnoDB AUTO_INCREMENT=5 DEFAULT CHARSET=utf8;
/*!40101 SET character_set_client = @saved_cs_client */;

--
-- Dumping data for table `bus`
--

LOCK TABLES `bus` WRITE;
/*!40000 ALTER TABLE `bus` DISABLE KEYS */;
INSERT INTO `bus` VALUES (1,1,'1111-1111',NULL,NULL,'active'),(2,2,'2222-2222',NULL,NULL,'active'),(3,1,'47H1-123.45',NULL,NULL,'active'),(4,1,'59F1-123.45',NULL,NULL,'active');
/*!40000 ALTER TABLE `bus` ENABLE KEYS */;
UNLOCK TABLES;

--
-- Temporary table structure for view `bus_free_time`
--

DROP TABLE IF EXISTS `bus_free_time`;
/*!50001 DROP VIEW IF EXISTS `bus_free_time`*/;
SET @saved_cs_client     = @@character_set_client;
SET character_set_client = utf8;
/*!50001 CREATE TABLE `bus_free_time` (
  `id` int(11),
  `bus_id` int(11),
  `from_date` datetime,
  `to_date` datetime,
  `station_id` int(11)
) ENGINE=MyISAM */;
SET character_set_client = @saved_cs_client;

--
-- Table structure for table `bus_status`
--

DROP TABLE IF EXISTS `bus_status`;
/*!40101 SET @saved_cs_client     = @@character_set_client */;
/*!40101 SET character_set_client = utf8 */;
CREATE TABLE `bus_status` (
  `id` int(11) NOT NULL AUTO_INCREMENT,
  `bus_id` int(11) NOT NULL,
  `bus_status` varchar(20) NOT NULL,
  `from_date` datetime NOT NULL,
  `to_date` datetime NOT NULL,
  `end_station_id` int(11) NOT NULL,
  `status` varchar(10) NOT NULL DEFAULT 'active',
  PRIMARY KEY (`id`),
  UNIQUE KEY `bus_status_unique_key` (`bus_id`,`from_date`),
  KEY `bus_status_bus_id_idx` (`bus_id`),
  KEY `bus_status_end_station_id_idx` (`end_station_id`),
  CONSTRAINT `bus_status_bus_id` FOREIGN KEY (`bus_id`) REFERENCES `bus` (`id`),
  CONSTRAINT `bus_status_end_station_id` FOREIGN KEY (`end_station_id`) REFERENCES `station` (`id`)
) ENGINE=InnoDB AUTO_INCREMENT=4 DEFAULT CHARSET=utf8;
/*!40101 SET character_set_client = @saved_cs_client */;

--
-- Dumping data for table `bus_status`
--

LOCK TABLES `bus_status` WRITE;
/*!40000 ALTER TABLE `bus_status` DISABLE KEYS */;
INSERT INTO `bus_status` VALUES (1,1,'ontrip','2013-02-28 07:00:00','2013-02-28 08:30:00',2,''),(2,1,'ontrip','2013-02-28 13:30:00','2013-02-28 15:00:00',1,''),(3,3,'ontrip','2013-02-10 06:30:00','2013-02-11 13:00:00',8,'active');
/*!40000 ALTER TABLE `bus_status` ENABLE KEYS */;
UNLOCK TABLES;

--
-- Table structure for table `bus_type`
--

DROP TABLE IF EXISTS `bus_type`;
/*!40101 SET @saved_cs_client     = @@character_set_client */;
/*!40101 SET character_set_client = utf8 */;
CREATE TABLE `bus_type` (
  `id` int(11) NOT NULL AUTO_INCREMENT,
  `name` varchar(45) NOT NULL,
  `number_of_seats` int(3) NOT NULL,
  PRIMARY KEY (`id`)
) ENGINE=InnoDB AUTO_INCREMENT=3 DEFAULT CHARSET=utf8;
/*!40101 SET character_set_client = @saved_cs_client */;

--
-- Dumping data for table `bus_type`
--

LOCK TABLES `bus_type` WRITE;
/*!40000 ALTER TABLE `bus_type` DISABLE KEYS */;
INSERT INTO `bus_type` VALUES (1,'Ghế ngồi',45),(2,'Giường nằm',40);
/*!40000 ALTER TABLE `bus_type` ENABLE KEYS */;
UNLOCK TABLES;

--
-- Table structure for table `city`
--

DROP TABLE IF EXISTS `city`;
/*!40101 SET @saved_cs_client     = @@character_set_client */;
/*!40101 SET character_set_client = utf8 */;
CREATE TABLE `city` (
  `id` int(11) NOT NULL,
  `name` varchar(45) NOT NULL,
  PRIMARY KEY (`id`),
  UNIQUE KEY `name_UNIQUE` (`name`)
) ENGINE=InnoDB DEFAULT CHARSET=utf8;
/*!40101 SET character_set_client = @saved_cs_client */;

--
-- Dumping data for table `city`
--

LOCK TABLES `city` WRITE;
/*!40000 ALTER TABLE `city` DISABLE KEYS */;
INSERT INTO `city` VALUES (76,'An Giang'),(64,'Bà Rịa Vũng Tàu'),(75,'Bến Tre'),(4,'Hà Nội'),(39,'Hà Tĩnh'),(31,'Hải Phòng'),(63,'Lâm Đồng'),(25,'Lạng Sơn'),(20,'Lào Cai'),(72,'Long An'),(66,'Tây Ninh'),(54,'Thừa Thiên Huế'),(8,'TP. Hồ Chí Minh'),(29,'Yên Bái'),(511,'Đà Nẵng'),(61,'Đồng Nai');
/*!40000 ALTER TABLE `city` ENABLE KEYS */;
UNLOCK TABLES;

--
-- Table structure for table `payment`
--

DROP TABLE IF EXISTS `payment`;
/*!40101 SET @saved_cs_client     = @@character_set_client */;
/*!40101 SET character_set_client = utf8 */;
CREATE TABLE `payment` (
  `id` int(11) NOT NULL AUTO_INCREMENT,
  `reservation_id` int(11) NOT NULL,
  `pay_amount` double NOT NULL,
  `service_fee` double NOT NULL,
  `payment_method_id` int(11) NOT NULL,
  `transaction_id` varchar(45) NOT NULL,
  `type` varchar(20) NOT NULL,
  PRIMARY KEY (`id`),
  KEY `payment_reservation_id_idx` (`reservation_id`),
  KEY `payment_payment_method_id_idx` (`payment_method_id`),
  CONSTRAINT `payment_payment_method_id` FOREIGN KEY (`payment_method_id`) REFERENCES `payment_method` (`id`),
  CONSTRAINT `payment_reservation_id` FOREIGN KEY (`reservation_id`) REFERENCES `reservation` (`id`)
) ENGINE=InnoDB AUTO_INCREMENT=10 DEFAULT CHARSET=utf8;
/*!40101 SET character_set_client = @saved_cs_client */;

--
-- Dumping data for table `payment`
--

LOCK TABLES `payment` WRITE;
/*!40000 ALTER TABLE `payment` DISABLE KEYS */;
INSERT INTO `payment` VALUES (4,42,111000,6500,2,'5L3140966H1976525','pay'),(5,2,303500,14500,2,'0RL93982UX111384R','pay'),(6,43,214500,11500,2,'0RJ13820XV6532717','pay'),(7,44,527000,21000,2,'5HM24138195572413','pay'),(8,45,527000,21000,2,'6TL621535C968604A','pay'),(9,46,527000,21000,2,'04552661P3714891J','pay');
/*!40000 ALTER TABLE `payment` ENABLE KEYS */;
UNLOCK TABLES;

--
-- Table structure for table `payment_method`
--

DROP TABLE IF EXISTS `payment_method`;
/*!40101 SET @saved_cs_client     = @@character_set_client */;
/*!40101 SET character_set_client = utf8 */;
CREATE TABLE `payment_method` (
  `id` int(11) NOT NULL AUTO_INCREMENT,
  `name` varchar(20) NOT NULL,
  `ratio` double NOT NULL,
  `addition` double NOT NULL,
  PRIMARY KEY (`id`)
) ENGINE=InnoDB AUTO_INCREMENT=4 DEFAULT CHARSET=utf8;
/*!40101 SET character_set_client = @saved_cs_client */;

--
-- Dumping data for table `payment_method`
--

LOCK TABLES `payment_method` WRITE;
/*!40000 ALTER TABLE `payment_method` DISABLE KEYS */;
INSERT INTO `payment_method` VALUES (1,'Cash',0,0),(2,'Paypal',0.039,0.3),(3,'CreditCard',0,0.2);
/*!40000 ALTER TABLE `payment_method` ENABLE KEYS */;
UNLOCK TABLES;

--
-- Temporary table structure for view `remained_seats`
--

DROP TABLE IF EXISTS `remained_seats`;
/*!50001 DROP VIEW IF EXISTS `remained_seats`*/;
SET @saved_cs_client     = @@character_set_client;
SET character_set_client = utf8;
/*!50001 CREATE TABLE `remained_seats` (
  `bus_status_id` int(11),
  `start_city_id` int(11),
  `end_city_id` int(11),
  `number_of_remained_seats` bigint(22)
) ENGINE=MyISAM */;
SET character_set_client = @saved_cs_client;

--
-- Table structure for table `reservation`
--

DROP TABLE IF EXISTS `reservation`;
/*!40101 SET @saved_cs_client     = @@character_set_client */;
/*!40101 SET character_set_client = utf8 */;
CREATE TABLE `reservation` (
  `id` int(11) NOT NULL AUTO_INCREMENT,
  `user_id` int(11) DEFAULT NULL,
  `code` varchar(12) DEFAULT NULL,
  `book_time` datetime NOT NULL,
  `status` varchar(10) NOT NULL DEFAULT 'unpaid',
  `booker_first_name` varchar(45) NOT NULL,
  `booker_last_name` varchar(45) NOT NULL,
  `phone` varchar(20) NOT NULL,
  `email` varchar(45) NOT NULL,
  PRIMARY KEY (`id`),
  UNIQUE KEY `code_UNIQUE` (`code`),
  KEY `reservation_booker_id_idx` (`user_id`),
  CONSTRAINT `reservation_user_id` FOREIGN KEY (`user_id`) REFERENCES `user` (`id`)
) ENGINE=InnoDB AUTO_INCREMENT=47 DEFAULT CHARSET=utf8;
/*!40101 SET character_set_client = @saved_cs_client */;

--
-- Dumping data for table `reservation`
--

LOCK TABLES `reservation` WRITE;
/*!40000 ALTER TABLE `reservation` DISABLE KEYS */;
INSERT INTO `reservation` VALUES (1,1,NULL,'2013-02-15 12:00:00','unpaid','First','Customer','123456789','cust1_1357703483_per@fpt.edu.vn'),(2,1,'DSC4Q6','2013-02-15 12:00:00','paid','First','Customer','123456789','cust1_1357703483_per@fpt.edu.vn'),(3,1,NULL,'2013-02-15 12:00:00','unpaid','First','Customer','123456789','cust1_1357703483_per@fpt.edu.vn'),(30,NULL,NULL,'2013-02-17 23:12:21','unpaid','abc','abc','123215435','abc@abc.com'),(31,NULL,NULL,'2013-02-18 08:18:32','unpaid','abc','abc','123215435','abc@abc.com'),(32,NULL,NULL,'2013-02-18 08:29:01','unpaid','abc','abc','123215435','abc@abc.com'),(34,1,'BHIWJX','2013-02-18 08:29:41','paid','abc','abc','123215435','abc@abc.com'),(35,NULL,NULL,'2013-02-18 08:30:54','unpaid','abc','abc','123215435','abc@abc.com'),(36,NULL,NULL,'2013-02-18 08:31:43','unpaid','abc','abc','123215435','abc@abc.com'),(37,NULL,NULL,'2013-02-18 08:32:35','unpaid','abc','abc','123215435','abc@abc.com'),(39,NULL,NULL,'2013-02-18 08:40:30','unpaid','abc','abc','123215435','abc@abc.com'),(40,NULL,'50UD8A','2013-02-18 09:41:03','paid','abc','abc','123215435','abc@abc.com'),(41,NULL,'8Y9YLC','2013-02-18 11:29:29','paid','abc','abc','123215435','abc@abc.com'),(42,NULL,'1BSEMJ','2013-02-18 17:53:49','paid','abc','abc','123215435','abc@abc.com'),(43,NULL,'7IRHSO','2013-02-20 10:06:10','paid','Trường','Nguyễn Sơn','','truongns60466@fpt.edu.vn'),(44,NULL,'BWSBGZ','2013-02-20 10:08:10','paid','Trường','Nguyễn Sơn','','truongns60466@fpt.edu.vn'),(45,NULL,'93CFEM','2013-02-20 10:09:47','paid','Trường','Nguyễn Sơn','','truongns60466@fpt.edu.vn'),(46,NULL,'AUYH9J','2013-02-20 18:53:37','paid','Trường','Nguyễn Sơn','','truongns60466@fpt.edu.vn');
/*!40000 ALTER TABLE `reservation` ENABLE KEYS */;
UNLOCK TABLES;

--
-- Temporary table structure for view `reservation_view`
--

DROP TABLE IF EXISTS `reservation_view`;
/*!50001 DROP VIEW IF EXISTS `reservation_view`*/;
SET @saved_cs_client     = @@character_set_client;
SET character_set_client = utf8;
/*!50001 CREATE TABLE `reservation_view` (
  `reservation_id` int(11),
  `start_trip_id` int(11),
  `end_trip_id` int(11),
  `ticket_price` double,
  `paid_amount` double,
  `refund_amount` double
) ENGINE=MyISAM */;
SET character_set_client = @saved_cs_client;

--
-- Table structure for table `role`
--

DROP TABLE IF EXISTS `role`;
/*!40101 SET @saved_cs_client     = @@character_set_client */;
/*!40101 SET character_set_client = utf8 */;
CREATE TABLE `role` (
  `id` int(11) NOT NULL AUTO_INCREMENT,
  `name` varchar(15) NOT NULL,
  `description` varchar(100) DEFAULT NULL,
  PRIMARY KEY (`id`)
) ENGINE=InnoDB AUTO_INCREMENT=4 DEFAULT CHARSET=utf8;
/*!40101 SET character_set_client = @saved_cs_client */;

--
-- Dumping data for table `role`
--

LOCK TABLES `role` WRITE;
/*!40000 ALTER TABLE `role` DISABLE KEYS */;
INSERT INTO `role` VALUES (1,'Customer',NULL),(2,'Operator',NULL),(3,'Administrator',NULL);
/*!40000 ALTER TABLE `role` ENABLE KEYS */;
UNLOCK TABLES;

--
-- Table structure for table `route`
--

DROP TABLE IF EXISTS `route`;
/*!40101 SET @saved_cs_client     = @@character_set_client */;
/*!40101 SET character_set_client = utf8 */;
CREATE TABLE `route` (
  `id` int(11) NOT NULL AUTO_INCREMENT,
  `name` varchar(45) DEFAULT NULL,
  `status` varchar(10) NOT NULL,
  PRIMARY KEY (`id`)
) ENGINE=InnoDB AUTO_INCREMENT=4 DEFAULT CHARSET=utf8;
/*!40101 SET character_set_client = @saved_cs_client */;

--
-- Dumping data for table `route`
--

LOCK TABLES `route` WRITE;
/*!40000 ALTER TABLE `route` DISABLE KEYS */;
INSERT INTO `route` VALUES (1,'City 1 - City 2','active'),(2,'City 2 - City 1','active'),(3,'TP. Hồ Chí Minh - Hà Nội','active');
/*!40000 ALTER TABLE `route` ENABLE KEYS */;
UNLOCK TABLES;

--
-- Table structure for table `route_details`
--

DROP TABLE IF EXISTS `route_details`;
/*!40101 SET @saved_cs_client     = @@character_set_client */;
/*!40101 SET character_set_client = utf8 */;
CREATE TABLE `route_details` (
  `id` int(11) NOT NULL AUTO_INCREMENT,
  `segment_id` int(11) NOT NULL,
  `route_id` int(11) NOT NULL,
  PRIMARY KEY (`id`),
  UNIQUE KEY `segment_in_route_id` (`segment_id`,`route_id`),
  KEY `segment_in_route_route_id_idx` (`route_id`),
  KEY `segment_in_route_segment_id_idx` (`segment_id`),
  CONSTRAINT `segment_in_route_route_id` FOREIGN KEY (`route_id`) REFERENCES `route` (`id`),
  CONSTRAINT `segment_in_route_segment_id` FOREIGN KEY (`segment_id`) REFERENCES `segment` (`id`)
) ENGINE=InnoDB AUTO_INCREMENT=7 DEFAULT CHARSET=utf8;
/*!40101 SET character_set_client = @saved_cs_client */;

--
-- Dumping data for table `route_details`
--

LOCK TABLES `route_details` WRITE;
/*!40000 ALTER TABLE `route_details` DISABLE KEYS */;
INSERT INTO `route_details` VALUES (1,1,1),(2,2,2),(3,3,3),(4,4,3),(5,5,3),(6,6,3);
/*!40000 ALTER TABLE `route_details` ENABLE KEYS */;
UNLOCK TABLES;

--
-- Temporary table structure for view `route_terminal`
--

DROP TABLE IF EXISTS `route_terminal`;
/*!50001 DROP VIEW IF EXISTS `route_terminal`*/;
SET @saved_cs_client     = @@character_set_client;
SET character_set_client = utf8;
/*!50001 CREATE TABLE `route_terminal` (
  `id` int(11),
  `start_terminal_id` int(11),
  `end_terminal_id` int(11),
  `end_terminal_alternative_id` int(11)
) ENGINE=MyISAM */;
SET character_set_client = @saved_cs_client;

--
-- Table structure for table `seat_position`
--

DROP TABLE IF EXISTS `seat_position`;
/*!40101 SET @saved_cs_client     = @@character_set_client */;
/*!40101 SET character_set_client = utf8 */;
CREATE TABLE `seat_position` (
  `reservation_id` int(11) NOT NULL,
  `seat_name` varchar(5) NOT NULL,
  PRIMARY KEY (`reservation_id`,`seat_name`),
  KEY `seat_position_in_reservation_reservation_id_idx` (`reservation_id`),
  CONSTRAINT `seat_position_in_reservation_reservation_id` FOREIGN KEY (`reservation_id`) REFERENCES `reservation` (`id`)
) ENGINE=InnoDB DEFAULT CHARSET=utf8;
/*!40101 SET character_set_client = @saved_cs_client */;

--
-- Dumping data for table `seat_position`
--

LOCK TABLES `seat_position` WRITE;
/*!40000 ALTER TABLE `seat_position` DISABLE KEYS */;
INSERT INTO `seat_position` VALUES (1,'A1'),(1,'A2'),(2,'A1'),(2,'A2'),(2,'A3'),(3,'B1'),(3,'B2'),(30,'A5'),(30,'B5'),(31,'B8'),(32,'A8'),(34,'A9'),(35,'B9'),(36,'A10'),(37,'B10'),(39,'B8'),(40,'A9'),(41,'B9'),(42,'E11'),(43,'D10'),(43,'D11'),(44,'A10'),(44,'B10'),(44,'D9'),(44,'E10'),(44,'E9'),(45,'A11'),(45,'A8'),(45,'B11'),(45,'B8'),(45,'D8'),(46,'A7'),(46,'B7'),(46,'D7'),(46,'E7'),(46,'E8');
/*!40000 ALTER TABLE `seat_position` ENABLE KEYS */;
UNLOCK TABLES;

--
-- Table structure for table `segment`
--

DROP TABLE IF EXISTS `segment`;
/*!40101 SET @saved_cs_client     = @@character_set_client */;
/*!40101 SET character_set_client = utf8 */;
CREATE TABLE `segment` (
  `id` int(11) NOT NULL AUTO_INCREMENT,
  `departure_station_id` int(11) NOT NULL,
  `arrival_station_id` int(11) NOT NULL,
  `travel_time` time NOT NULL,
  `status` varchar(10) NOT NULL,
  PRIMARY KEY (`id`),
  KEY `segment_arrive_station_id_idx` (`departure_station_id`),
  KEY `segment_depart_station_id_idx` (`arrival_station_id`),
  CONSTRAINT `segment_arrive_station_id` FOREIGN KEY (`departure_station_id`) REFERENCES `station` (`id`),
  CONSTRAINT `segment_depart_station_id` FOREIGN KEY (`arrival_station_id`) REFERENCES `station` (`id`)
) ENGINE=InnoDB AUTO_INCREMENT=7 DEFAULT CHARSET=utf8;
/*!40101 SET character_set_client = @saved_cs_client */;

--
-- Dumping data for table `segment`
--

LOCK TABLES `segment` WRITE;
/*!40000 ALTER TABLE `segment` DISABLE KEYS */;
INSERT INTO `segment` VALUES (1,1,2,'01:30:00','active'),(2,2,1,'01:30:00','active'),(3,3,5,'10:00:00','active'),(4,5,7,'06:00:00','active'),(5,7,6,'09:00:00','active'),(6,6,8,'04:00:00','active');
/*!40000 ALTER TABLE `segment` ENABLE KEYS */;
UNLOCK TABLES;

--
-- Table structure for table `station`
--

DROP TABLE IF EXISTS `station`;
/*!40101 SET @saved_cs_client     = @@character_set_client */;
/*!40101 SET character_set_client = utf8 */;
CREATE TABLE `station` (
  `id` int(11) NOT NULL AUTO_INCREMENT,
  `name` varchar(45) NOT NULL,
  `city_id` int(11) NOT NULL,
  `address` varchar(100) NOT NULL DEFAULT '',
  `status` varchar(10) NOT NULL DEFAULT 'active',
  PRIMARY KEY (`id`),
  KEY `station_city_id_idx` (`city_id`),
  CONSTRAINT `station_city_id` FOREIGN KEY (`city_id`) REFERENCES `city` (`id`)
) ENGINE=InnoDB AUTO_INCREMENT=9 DEFAULT CHARSET=utf8;
/*!40101 SET character_set_client = @saved_cs_client */;

--
-- Dumping data for table `station`
--

LOCK TABLES `station` WRITE;
/*!40000 ALTER TABLE `station` DISABLE KEYS */;
INSERT INTO `station` VALUES (1,'Station 1',39,'Address 1','active'),(2,'Station 2',75,'Address 2','active'),(3,'Bến xe Miền Đông',8,'Address 3','active'),(5,'Bến xe A',511,'Address 5','active'),(6,'Bến xe B',31,'Address 6','active'),(7,'Bến xe C',54,'Address 7','active'),(8,'Bến xe D',4,'Address 8','active');
/*!40000 ALTER TABLE `station` ENABLE KEYS */;
UNLOCK TABLES;

--
-- Table structure for table `system_settings`
--

DROP TABLE IF EXISTS `system_settings`;
/*!40101 SET @saved_cs_client     = @@character_set_client */;
/*!40101 SET character_set_client = utf8 */;
CREATE TABLE `system_settings` (
  `name` varchar(45) NOT NULL,
  `value` varchar(45) NOT NULL,
  PRIMARY KEY (`name`)
) ENGINE=InnoDB DEFAULT CHARSET=utf8;
/*!40101 SET character_set_client = @saved_cs_client */;

--
-- Dumping data for table `system_settings`
--

LOCK TABLES `system_settings` WRITE;
/*!40000 ALTER TABLE `system_settings` DISABLE KEYS */;
/*!40000 ALTER TABLE `system_settings` ENABLE KEYS */;
UNLOCK TABLES;

--
-- Table structure for table `tariff`
--

DROP TABLE IF EXISTS `tariff`;
/*!40101 SET @saved_cs_client     = @@character_set_client */;
/*!40101 SET character_set_client = utf8 */;
CREATE TABLE `tariff` (
  `id` int(11) NOT NULL AUTO_INCREMENT,
  `segment_id` int(11) NOT NULL,
  `bus_type_id` int(11) NOT NULL,
  `valid_from` datetime NOT NULL,
  `fare` double NOT NULL,
  PRIMARY KEY (`id`),
  UNIQUE KEY `segment_in_route_id` (`segment_id`,`valid_from`),
  KEY `tariff_segment_in_route_id_idx` (`segment_id`),
  KEY `tariff_bus_type_id_idx` (`bus_type_id`),
  CONSTRAINT `tariff_bus_type_id` FOREIGN KEY (`bus_type_id`) REFERENCES `bus_type` (`id`),
  CONSTRAINT `tariff_segment_id` FOREIGN KEY (`segment_id`) REFERENCES `segment` (`id`)
) ENGINE=InnoDB AUTO_INCREMENT=14 DEFAULT CHARSET=utf8;
/*!40101 SET character_set_client = @saved_cs_client */;

--
-- Dumping data for table `tariff`
--

LOCK TABLES `tariff` WRITE;
/*!40000 ALTER TABLE `tariff` DISABLE KEYS */;
INSERT INTO `tariff` VALUES (1,1,1,'2012-01-01 00:00:00',100000),(2,2,1,'2012-01-01 00:00:00',100000),(3,3,1,'2013-01-01 00:00:00',150000),(4,4,1,'2013-01-01 00:00:00',65000),(5,5,1,'2013-01-01 00:00:00',30000),(6,6,1,'2013-01-01 00:00:00',90000),(7,2,1,'2013-02-28 00:00:00',80000),(8,2,1,'2013-02-01 00:00:00',85000),(9,2,1,'2013-03-15 00:00:00',100000),(10,3,1,'2013-02-20 00:00:00',170000),(11,3,1,'2013-02-04 00:00:00',120000),(12,4,1,'2013-02-25 00:00:00',80000),(13,4,1,'2013-03-01 00:00:00',65000);
/*!40000 ALTER TABLE `tariff` ENABLE KEYS */;
UNLOCK TABLES;

--
-- Temporary table structure for view `tariff_view`
--

DROP TABLE IF EXISTS `tariff_view`;
/*!50001 DROP VIEW IF EXISTS `tariff_view`*/;
SET @saved_cs_client     = @@character_set_client;
SET character_set_client = utf8;
/*!50001 CREATE TABLE `tariff_view` (
  `id` int(11),
  `segment_id` int(11),
  `bus_type_id` int(11),
  `fare` double,
  `valid_from` datetime,
  `valid_to` datetime
) ENGINE=MyISAM */;
SET character_set_client = @saved_cs_client;

--
-- Table structure for table `trip`
--

DROP TABLE IF EXISTS `trip`;
/*!40101 SET @saved_cs_client     = @@character_set_client */;
/*!40101 SET character_set_client = utf8 */;
CREATE TABLE `trip` (
  `id` int(11) NOT NULL AUTO_INCREMENT,
  `bus_status_id` int(11) NOT NULL,
  `route_details_id` int(11) NOT NULL,
  `departure_time` datetime NOT NULL,
  `arrival_time` datetime NOT NULL,
  `status` varchar(10) NOT NULL,
  PRIMARY KEY (`id`),
  KEY `trip_bus_id_idx` (`bus_status_id`),
  KEY `trip_segment_in_route_id_idx` (`route_details_id`),
  CONSTRAINT `trip_bus_status_id` FOREIGN KEY (`bus_status_id`) REFERENCES `bus_status` (`id`),
  CONSTRAINT `trip_segment_in_route_id` FOREIGN KEY (`route_details_id`) REFERENCES `route_details` (`id`)
) ENGINE=InnoDB AUTO_INCREMENT=7 DEFAULT CHARSET=utf8;
/*!40101 SET character_set_client = @saved_cs_client */;

--
-- Dumping data for table `trip`
--

LOCK TABLES `trip` WRITE;
/*!40000 ALTER TABLE `trip` DISABLE KEYS */;
INSERT INTO `trip` VALUES (1,1,1,'2013-02-28 07:00:00','2013-02-28 08:30:00','active'),(2,2,2,'2013-02-28 13:30:00','2013-02-28 15:00:00','active'),(3,3,3,'2013-02-10 06:30:00','2013-02-10 16:30:00','active'),(4,3,4,'2013-02-10 17:00:00','2013-02-10 23:00:00','active'),(5,3,5,'2013-02-10 23:30:00','2013-02-11 08:30:00','active'),(6,3,6,'2013-02-11 09:00:00','2013-02-11 13:00:00','active');
/*!40000 ALTER TABLE `trip` ENABLE KEYS */;
UNLOCK TABLES;

--
-- Table structure for table `trip_in_reservation`
--

DROP TABLE IF EXISTS `trip_in_reservation`;
/*!40101 SET @saved_cs_client     = @@character_set_client */;
/*!40101 SET character_set_client = utf8 */;
CREATE TABLE `trip_in_reservation` (
  `reservation_id` int(11) NOT NULL,
  `trip_id` int(11) NOT NULL,
  PRIMARY KEY (`reservation_id`,`trip_id`),
  KEY `trip_in_reservation_trip_id_idx` (`trip_id`),
  KEY `trip_in_reservation_reservation_id_idx` (`reservation_id`),
  CONSTRAINT `trip_in_reservation_reservation_id` FOREIGN KEY (`reservation_id`) REFERENCES `reservation` (`id`),
  CONSTRAINT `trip_in_reservation_trip_id` FOREIGN KEY (`trip_id`) REFERENCES `trip` (`id`)
) ENGINE=InnoDB DEFAULT CHARSET=utf8;
/*!40101 SET character_set_client = @saved_cs_client */;

--
-- Dumping data for table `trip_in_reservation`
--

LOCK TABLES `trip_in_reservation` WRITE;
/*!40000 ALTER TABLE `trip_in_reservation` DISABLE KEYS */;
INSERT INTO `trip_in_reservation` VALUES (1,1),(30,1),(31,1),(32,1),(34,1),(35,1),(36,1),(37,1),(39,1),(40,1),(41,1),(42,1),(43,1),(44,1),(45,1),(46,1),(2,4),(3,4),(2,5),(3,5);
/*!40000 ALTER TABLE `trip_in_reservation` ENABLE KEYS */;
UNLOCK TABLES;

--
-- Temporary table structure for view `trip_start_end`
--

DROP TABLE IF EXISTS `trip_start_end`;
/*!50001 DROP VIEW IF EXISTS `trip_start_end`*/;
SET @saved_cs_client     = @@character_set_client;
SET character_set_client = utf8;
/*!50001 CREATE TABLE `trip_start_end` (
  `trip_id` int(11),
  `bus_status_id` int(11),
  `start_city_id` int(11),
  `departure_time` datetime,
  `end_city_id` int(11),
  `arrival_time` datetime
) ENGINE=MyISAM */;
SET character_set_client = @saved_cs_client;

--
-- Temporary table structure for view `trip_with_fare_period`
--

DROP TABLE IF EXISTS `trip_with_fare_period`;
/*!50001 DROP VIEW IF EXISTS `trip_with_fare_period`*/;
SET @saved_cs_client     = @@character_set_client;
SET character_set_client = utf8;
/*!50001 CREATE TABLE `trip_with_fare_period` (
  `bus_status_id` int(11),
  `start_city_id` int(11),
  `end_city_id` int(11),
  `start_period` datetime,
  `end_period` datetime,
  `fare` double
) ENGINE=MyISAM */;
SET character_set_client = @saved_cs_client;

--
-- Temporary table structure for view `trip_with_number_of_remained_seats_in_subroute`
--

DROP TABLE IF EXISTS `trip_with_number_of_remained_seats_in_subroute`;
/*!50001 DROP VIEW IF EXISTS `trip_with_number_of_remained_seats_in_subroute`*/;
SET @saved_cs_client     = @@character_set_client;
SET character_set_client = utf8;
/*!50001 CREATE TABLE `trip_with_number_of_remained_seats_in_subroute` (
  `trip_id` int(11),
  `bus_status_id` int(11),
  `start_city_id` int(11),
  `departure_time` datetime,
  `end_city_id` int(11),
  `arrival_time` datetime,
  `number_of_remained_seats` bigint(22),
  `start_period` datetime,
  `end_period` datetime,
  `fare` double
) ENGINE=MyISAM */;
SET character_set_client = @saved_cs_client;

--
-- Table structure for table `user`
--

DROP TABLE IF EXISTS `user`;
/*!40101 SET @saved_cs_client     = @@character_set_client */;
/*!40101 SET character_set_client = utf8 */;
CREATE TABLE `user` (
  `id` int(11) NOT NULL AUTO_INCREMENT,
  `username` varchar(20) NOT NULL,
  `password` varchar(20) NOT NULL,
  `role_id` int(11) NOT NULL,
  `first_name` varchar(45) DEFAULT NULL,
  `last_name` varchar(45) DEFAULT NULL,
  `phone_number` varchar(20) DEFAULT NULL,
  `mobile_number` varchar(20) DEFAULT NULL,
  `email` varchar(45) DEFAULT NULL,
  `civil_id` varchar(20) DEFAULT NULL,
  `status` varchar(10) NOT NULL DEFAULT 'active',
  PRIMARY KEY (`id`),
  UNIQUE KEY `username_UNIQUE` (`username`),
  KEY `user_role_id_idx` (`role_id`),
  CONSTRAINT `user_role_id` FOREIGN KEY (`role_id`) REFERENCES `role` (`id`)
) ENGINE=InnoDB AUTO_INCREMENT=4 DEFAULT CHARSET=utf8;
/*!40101 SET character_set_client = @saved_cs_client */;

--
-- Dumping data for table `user`
--

LOCK TABLES `user` WRITE;
/*!40000 ALTER TABLE `user` DISABLE KEYS */;
INSERT INTO `user` VALUES (1,'customer1','customer1',1,'First','Customer',NULL,NULL,'cust1_1357703483_per@fpt.edu.vn',NULL,'active'),(2,'truong','truong',3,'Truong','Nguyen Son',NULL,NULL,NULL,NULL,'active'),(3,'tram','tram',2,'Tram','Nguyen Thi Bich',NULL,NULL,NULL,NULL,'active');
/*!40000 ALTER TABLE `user` ENABLE KEYS */;
UNLOCK TABLES;

--
-- Final view structure for view `bus_free_time`
--

/*!50001 DROP TABLE IF EXISTS `bus_free_time`*/;
/*!50001 DROP VIEW IF EXISTS `bus_free_time`*/;
/*!50001 SET @saved_cs_client          = @@character_set_client */;
/*!50001 SET @saved_cs_results         = @@character_set_results */;
/*!50001 SET @saved_col_connection     = @@collation_connection */;
/*!50001 SET character_set_client      = utf8 */;
/*!50001 SET character_set_results     = utf8 */;
/*!50001 SET collation_connection      = utf8_general_ci */;
/*!50001 CREATE ALGORITHM=UNDEFINED */
/*!50013 DEFINER=`root`@`localhost` SQL SECURITY DEFINER */
/*!50001 VIEW `bus_free_time` AS select `bst_from`.`id` AS `id`,`bst_from`.`bus_id` AS `bus_id`,`bst_from`.`to_date` AS `from_date`,`bst_to`.`from_date` AS `to_date`,`bst_from`.`end_station_id` AS `station_id` from (`bus_status` `bst_from` left join `bus_status` `bst_to` on(((`bst_from`.`bus_id` = `bst_to`.`bus_id`) and (`bst_from`.`to_date` <= `bst_to`.`from_date`)))) where ((`bst_to`.`from_date` = (select min(`bst1`.`from_date`) from `bus_status` `bst1` where ((`bst_from`.`bus_id` = `bst1`.`bus_id`) and (`bst_from`.`to_date` <= `bst1`.`from_date`)))) or isnull(`bst_to`.`from_date`)) */;
/*!50001 SET character_set_client      = @saved_cs_client */;
/*!50001 SET character_set_results     = @saved_cs_results */;
/*!50001 SET collation_connection      = @saved_col_connection */;

--
-- Final view structure for view `remained_seats`
--

/*!50001 DROP TABLE IF EXISTS `remained_seats`*/;
/*!50001 DROP VIEW IF EXISTS `remained_seats`*/;
/*!50001 SET @saved_cs_client          = @@character_set_client */;
/*!50001 SET @saved_cs_results         = @@character_set_results */;
/*!50001 SET @saved_col_connection     = @@collation_connection */;
/*!50001 SET character_set_client      = utf8 */;
/*!50001 SET character_set_results     = utf8 */;
/*!50001 SET collation_connection      = utf8_general_ci */;
/*!50001 CREATE ALGORITHM=UNDEFINED */
/*!50013 DEFINER=`root`@`localhost` SQL SECURITY DEFINER */
/*!50001 VIEW `remained_seats` AS select `tse`.`bus_status_id` AS `bus_status_id`,`tse`.`start_city_id` AS `start_city_id`,`tse`.`end_city_id` AS `end_city_id`,(`btp`.`number_of_seats` - count(distinct `sp`.`seat_name`)) AS `number_of_remained_seats` from ((((((`trip_start_end` `tse` left join `trip_in_reservation` `tir` on((`tir`.`trip_id` = `tse`.`trip_id`))) left join `reservation` `rsv` on(((`rsv`.`id` = `tir`.`reservation_id`) and ((`rsv`.`status` = 'paid') or ((`rsv`.`status` = 'unpaid') and (`rsv`.`book_time` >= (now() - '0000-00-00 00:15:00'))))))) left join `seat_position` `sp` on((`sp`.`reservation_id` = `rsv`.`id`))) join `bus_status` `bst` on((`bst`.`id` = `tse`.`bus_status_id`))) join `bus` on((`bus`.`id` = `bst`.`bus_id`))) join `bus_type` `btp` on((`btp`.`id` = `bus`.`bus_type_id`))) group by `tse`.`bus_status_id`,`tse`.`start_city_id`,`tse`.`end_city_id`,`btp`.`number_of_seats` */;
/*!50001 SET character_set_client      = @saved_cs_client */;
/*!50001 SET character_set_results     = @saved_cs_results */;
/*!50001 SET collation_connection      = @saved_col_connection */;

--
-- Final view structure for view `reservation_view`
--

/*!50001 DROP TABLE IF EXISTS `reservation_view`*/;
/*!50001 DROP VIEW IF EXISTS `reservation_view`*/;
/*!50001 SET @saved_cs_client          = @@character_set_client */;
/*!50001 SET @saved_cs_results         = @@character_set_results */;
/*!50001 SET @saved_col_connection     = @@collation_connection */;
/*!50001 SET character_set_client      = utf8 */;
/*!50001 SET character_set_results     = utf8 */;
/*!50001 SET collation_connection      = utf8_general_ci */;
/*!50001 CREATE ALGORITHM=UNDEFINED */
/*!50013 DEFINER=`root`@`localhost` SQL SECURITY DEFINER */
/*!50001 VIEW `reservation_view` AS select `rsv`.`id` AS `reservation_id`,`trp_start`.`id` AS `start_trip_id`,`trp_end`.`id` AS `end_trip_id`,sum(`tar`.`fare`) AS `ticket_price`,`pay`.`pay_amount` AS `paid_amount`,`ref`.`pay_amount` AS `refund_amount` from (((((((((((((`reservation` `rsv` join `trip_in_reservation` `tir_start` on((`rsv`.`id` = `tir_start`.`reservation_id`))) join `trip` `trp_start` on((`trp_start`.`id` = `tir_start`.`trip_id`))) join `trip_in_reservation` `tir_end` on((`rsv`.`id` = `tir_end`.`reservation_id`))) join `trip` `trp_end` on((`trp_end`.`id` = `tir_end`.`trip_id`))) join `trip_in_reservation` `tir` on((`rsv`.`id` = `tir`.`reservation_id`))) join `trip` `trp` on((`trp`.`id` = `tir`.`trip_id`))) join `route_details` `rds` on((`rds`.`id` = `trp`.`route_details_id`))) join `segment` `seg` on((`seg`.`id` = `rds`.`segment_id`))) join `bus_status` `bst` on((`bst`.`id` = `trp`.`bus_status_id`))) join `bus` on((`bus`.`id` = `bst`.`bus_id`))) join `tariff` `tar` on(((`seg`.`id` = `tar`.`segment_id`) and (`tar`.`bus_type_id` = `bus`.`bus_type_id`)))) left join `payment` `pay` on(((`rsv`.`id` = `pay`.`reservation_id`) and (`pay`.`type` = 'pay')))) left join `payment` `ref` on(((`rsv`.`id` = `ref`.`reservation_id`) and (`ref`.`type` = 'refund')))) where ((`trp_start`.`departure_time` = (select min(`trp1`.`departure_time`) from ((`reservation` `rsv1` join `trip_in_reservation` `tir1` on((`rsv1`.`id` = `tir1`.`reservation_id`))) join `trip` `trp1` on((`trp1`.`id` = `tir1`.`trip_id`))) where (`rsv`.`id` = `rsv1`.`id`))) and (`trp_end`.`departure_time` = (select max(`trp2`.`departure_time`) from ((`reservation` `rsv2` join `trip_in_reservation` `tir2` on((`rsv2`.`id` = `tir2`.`reservation_id`))) join `trip` `trp2` on((`trp2`.`id` = `tir2`.`trip_id`))) where (`rsv`.`id` = `rsv2`.`id`))) and (`tar`.`valid_from` = (select max(`tar1`.`valid_from`) from (((((`trip` `trp1` join `route_details` `rds1` on((`rds1`.`id` = `trp1`.`route_details_id`))) join `segment` `seg1` on((`seg1`.`id` = `rds1`.`segment_id`))) join `bus_status` `bst1` on((`bst1`.`id` = `trp1`.`bus_status_id`))) join `bus` `bus1` on((`bus1`.`id` = `bst1`.`bus_id`))) join `tariff` `tar1` on(((`seg1`.`id` = `tar1`.`segment_id`) and (`tar1`.`bus_type_id` = `bus1`.`bus_type_id`)))) where ((`trp1`.`id` = `trp`.`id`) and (`tar1`.`valid_from` < `rsv`.`book_time`))))) group by `rsv`.`id`,`trp_start`.`id`,`trp_end`.`id`,`pay`.`pay_amount`,`ref`.`pay_amount` */;
/*!50001 SET character_set_client      = @saved_cs_client */;
/*!50001 SET character_set_results     = @saved_cs_results */;
/*!50001 SET collation_connection      = @saved_col_connection */;

--
-- Final view structure for view `route_terminal`
--

/*!50001 DROP TABLE IF EXISTS `route_terminal`*/;
/*!50001 DROP VIEW IF EXISTS `route_terminal`*/;
/*!50001 SET @saved_cs_client          = @@character_set_client */;
/*!50001 SET @saved_cs_results         = @@character_set_results */;
/*!50001 SET @saved_col_connection     = @@collation_connection */;
/*!50001 SET character_set_client      = utf8 */;
/*!50001 SET character_set_results     = utf8 */;
/*!50001 SET collation_connection      = utf8_general_ci */;
/*!50001 CREATE ALGORITHM=UNDEFINED */
/*!50013 DEFINER=`root`@`localhost` SQL SECURITY DEFINER */
/*!50001 VIEW `route_terminal` AS select `rds_from`.`route_id` AS `id`,`seg_from`.`departure_station_id` AS `start_terminal_id`,`seg_to`.`arrival_station_id` AS `end_terminal_id`,`seg_from`.`arrival_station_id` AS `end_terminal_alternative_id` from ((((`route_details` `rds_from` join `segment` `seg_from` on((`seg_from`.`id` = `rds_from`.`segment_id`))) left join (`route_details` `rds_to` join `segment` `seg_to` on((`seg_to`.`id` = `rds_to`.`segment_id`))) on(((`rds_from`.`route_id` = `rds_to`.`route_id`) and (`rds_from`.`id` <> `rds_to`.`id`)))) left join (`route_details` `rds_prev` join `segment` `seg_prev` on((`seg_prev`.`id` = `rds_prev`.`segment_id`))) on(((`rds_from`.`route_id` = `rds_prev`.`route_id`) and (`seg_from`.`departure_station_id` = `seg_prev`.`arrival_station_id`)))) left join (`route_details` `rds_next` join `segment` `seg_next` on((`seg_next`.`id` = `rds_next`.`segment_id`))) on(((`rds_to`.`route_id` = `rds_next`.`route_id`) and (`seg_to`.`arrival_station_id` = `seg_next`.`departure_station_id`)))) where ((isnull(`seg_prev`.`departure_station_id`) and isnull(`seg_next`.`arrival_station_id`)) or isnull(`rds_to`.`id`)) */;
/*!50001 SET character_set_client      = @saved_cs_client */;
/*!50001 SET character_set_results     = @saved_cs_results */;
/*!50001 SET collation_connection      = @saved_col_connection */;

--
-- Final view structure for view `tariff_view`
--

/*!50001 DROP TABLE IF EXISTS `tariff_view`*/;
/*!50001 DROP VIEW IF EXISTS `tariff_view`*/;
/*!50001 SET @saved_cs_client          = @@character_set_client */;
/*!50001 SET @saved_cs_results         = @@character_set_results */;
/*!50001 SET @saved_col_connection     = @@collation_connection */;
/*!50001 SET character_set_client      = utf8 */;
/*!50001 SET character_set_results     = utf8 */;
/*!50001 SET collation_connection      = utf8_general_ci */;
/*!50001 CREATE ALGORITHM=UNDEFINED */
/*!50013 DEFINER=`root`@`localhost` SQL SECURITY DEFINER */
/*!50001 VIEW `tariff_view` AS select distinct `tar_from`.`id` AS `id`,`tar_from`.`segment_id` AS `segment_id`,`tar_from`.`bus_type_id` AS `bus_type_id`,`tar_from`.`fare` AS `fare`,`tar_from`.`valid_from` AS `valid_from`,`tar_to`.`valid_from` AS `valid_to` from (`tariff` `tar_from` left join `tariff` `tar_to` on(((`tar_to`.`segment_id` = `tar_from`.`segment_id`) and (`tar_to`.`bus_type_id` = `tar_from`.`bus_type_id`) and (`tar_to`.`valid_from` > `tar_from`.`valid_from`)))) where ((`tar_to`.`valid_from` <= (select min(`tar2`.`valid_from`) from `tariff` `tar2` where ((`tar2`.`segment_id` = `tar_to`.`segment_id`) and (`tar2`.`bus_type_id` = `tar_to`.`bus_type_id`) and (`tar2`.`valid_from` > `tar_from`.`valid_from`)))) or isnull(`tar_to`.`valid_from`)) */;
/*!50001 SET character_set_client      = @saved_cs_client */;
/*!50001 SET character_set_results     = @saved_cs_results */;
/*!50001 SET collation_connection      = @saved_col_connection */;

--
-- Final view structure for view `trip_start_end`
--

/*!50001 DROP TABLE IF EXISTS `trip_start_end`*/;
/*!50001 DROP VIEW IF EXISTS `trip_start_end`*/;
/*!50001 SET @saved_cs_client          = @@character_set_client */;
/*!50001 SET @saved_cs_results         = @@character_set_results */;
/*!50001 SET @saved_col_connection     = @@collation_connection */;
/*!50001 SET character_set_client      = utf8 */;
/*!50001 SET character_set_results     = utf8 */;
/*!50001 SET collation_connection      = utf8_general_ci */;
/*!50001 CREATE ALGORITHM=TEMPTABLE */
/*!50013 DEFINER=`root`@`localhost` SQL SECURITY DEFINER */
/*!50001 VIEW `trip_start_end` AS select `trp`.`id` AS `trip_id`,`trp`.`bus_status_id` AS `bus_status_id`,`st1`.`city_id` AS `start_city_id`,`tr1`.`departure_time` AS `departure_time`,`st2`.`city_id` AS `end_city_id`,`tr2`.`arrival_time` AS `arrival_time` from ((((((((`trip` `tr1` join `route_details` `rd1` on((`rd1`.`id` = `tr1`.`route_details_id`))) join `segment` `sg1` on((`sg1`.`id` = `rd1`.`segment_id`))) join `station` `st1` on((`st1`.`id` = `sg1`.`departure_station_id`))) join `trip` `tr2` on((`tr1`.`bus_status_id` = `tr2`.`bus_status_id`))) join `route_details` `rd2` on((`rd2`.`id` = `tr2`.`route_details_id`))) join `segment` `sg2` on((`sg2`.`id` = `rd2`.`segment_id`))) join `station` `st2` on((`st2`.`id` = `sg2`.`arrival_station_id`))) join `trip` `trp` on((`trp`.`bus_status_id` = `tr2`.`bus_status_id`))) where ((`tr1`.`departure_time` <= `tr2`.`departure_time`) and (`trp`.`departure_time` >= `tr1`.`departure_time`) and (`trp`.`departure_time` <= `tr2`.`departure_time`)) */;
/*!50001 SET character_set_client      = @saved_cs_client */;
/*!50001 SET character_set_results     = @saved_cs_results */;
/*!50001 SET collation_connection      = @saved_col_connection */;

--
-- Final view structure for view `trip_with_fare_period`
--

/*!50001 DROP TABLE IF EXISTS `trip_with_fare_period`*/;
/*!50001 DROP VIEW IF EXISTS `trip_with_fare_period`*/;
/*!50001 SET @saved_cs_client          = @@character_set_client */;
/*!50001 SET @saved_cs_results         = @@character_set_results */;
/*!50001 SET @saved_col_connection     = @@collation_connection */;
/*!50001 SET character_set_client      = utf8 */;
/*!50001 SET character_set_results     = utf8 */;
/*!50001 SET collation_connection      = utf8_general_ci */;
/*!50001 CREATE ALGORITHM=UNDEFINED */
/*!50013 DEFINER=`root`@`localhost` SQL SECURITY DEFINER */
/*!50001 VIEW `trip_with_fare_period` AS select distinct `tse`.`bus_status_id` AS `bus_status_id`,`tse`.`start_city_id` AS `start_city_id`,`tse`.`end_city_id` AS `end_city_id`,`tar`.`valid_from` AS `start_period`,`tar`.`valid_to` AS `end_period`,sum(`tar`.`fare`) AS `fare` from ((((((`trip_start_end` `tse` join `bus_status` `bst` on((`bst`.`id` = `tse`.`bus_status_id`))) join `bus` on((`bus`.`id` = `bst`.`bus_id`))) join `bus_type` `btp` on((`btp`.`id` = `bus`.`bus_type_id`))) join `trip` `trp` on((`trp`.`id` = `tse`.`trip_id`))) join `route_details` `rds` on((`rds`.`id` = `trp`.`route_details_id`))) join `tariff_view` `tar` on(((`tar`.`segment_id` = `rds`.`segment_id`) and (`tar`.`bus_type_id` = `bus`.`bus_type_id`) and (`tar`.`valid_from` <= `tse`.`departure_time`)))) group by `tse`.`bus_status_id`,`tse`.`start_city_id`,`tse`.`end_city_id`,`tar`.`valid_from`,`tar`.`valid_to` */;
/*!50001 SET character_set_client      = @saved_cs_client */;
/*!50001 SET character_set_results     = @saved_cs_results */;
/*!50001 SET collation_connection      = @saved_col_connection */;

--
-- Final view structure for view `trip_with_number_of_remained_seats_in_subroute`
--

/*!50001 DROP TABLE IF EXISTS `trip_with_number_of_remained_seats_in_subroute`*/;
/*!50001 DROP VIEW IF EXISTS `trip_with_number_of_remained_seats_in_subroute`*/;
/*!50001 SET @saved_cs_client          = @@character_set_client */;
/*!50001 SET @saved_cs_results         = @@character_set_results */;
/*!50001 SET @saved_col_connection     = @@collation_connection */;
/*!50001 SET character_set_client      = utf8 */;
/*!50001 SET character_set_results     = utf8 */;
/*!50001 SET collation_connection      = utf8_general_ci */;
/*!50001 CREATE ALGORITHM=UNDEFINED */
/*!50013 DEFINER=`root`@`localhost` SQL SECURITY DEFINER */
/*!50001 VIEW `trip_with_number_of_remained_seats_in_subroute` AS select `trip_start_end`.`trip_id` AS `trip_id`,`trip_start_end`.`bus_status_id` AS `bus_status_id`,`trip_start_end`.`start_city_id` AS `start_city_id`,`trip_start_end`.`departure_time` AS `departure_time`,`trip_start_end`.`end_city_id` AS `end_city_id`,`trip_start_end`.`arrival_time` AS `arrival_time`,`temp`.`number_of_remained_seats` AS `number_of_remained_seats`,`twfp`.`start_period` AS `start_period`,`twfp`.`end_period` AS `end_period`,`twfp`.`fare` AS `fare` from ((`trip_start_end` join `remained_seats` `temp` on(((`trip_start_end`.`bus_status_id` = `temp`.`bus_status_id`) and (`trip_start_end`.`start_city_id` = `temp`.`start_city_id`) and (`trip_start_end`.`end_city_id` = `temp`.`end_city_id`)))) join `trip_with_fare_period` `twfp` on(((`trip_start_end`.`bus_status_id` = `twfp`.`bus_status_id`) and (`trip_start_end`.`start_city_id` = `twfp`.`start_city_id`) and (`trip_start_end`.`end_city_id` = `twfp`.`end_city_id`)))) */;
/*!50001 SET character_set_client      = @saved_cs_client */;
/*!50001 SET character_set_results     = @saved_cs_results */;
/*!50001 SET collation_connection      = @saved_col_connection */;
/*!40103 SET TIME_ZONE=@OLD_TIME_ZONE */;

/*!40101 SET SQL_MODE=@OLD_SQL_MODE */;
/*!40014 SET FOREIGN_KEY_CHECKS=@OLD_FOREIGN_KEY_CHECKS */;
/*!40014 SET UNIQUE_CHECKS=@OLD_UNIQUE_CHECKS */;
/*!40101 SET CHARACTER_SET_CLIENT=@OLD_CHARACTER_SET_CLIENT */;
/*!40101 SET CHARACTER_SET_RESULTS=@OLD_CHARACTER_SET_RESULTS */;
/*!40101 SET COLLATION_CONNECTION=@OLD_COLLATION_CONNECTION */;
/*!40111 SET SQL_NOTES=@OLD_SQL_NOTES */;

-- Dump completed on 2013-02-20 21:14:40
